,Security,Symbol,SEC filings,GICS Sector,GICS Sub Industry,Headquarters Location,Date first added[3][4],CIK,Founded
1,3M Company,MMM,reports,Industrials,Industrial Conglomerates,"St. Paul, Minnesota",,0000066740,1902
2,Abbott Laboratories,ABT,reports,Health Care,Health Care Equipment,"North Chicago, Illinois",1964-03-31,0000001800,1888
3,AbbVie Inc.,ABBV,reports,Health Care,Pharmaceuticals,"North Chicago, Illinois",2012-12-31,0001551152,2013 (1888)
4,ABIOMED Inc,ABMD,reports,Health Care,Health Care Equipment,"Danvers, Massachusetts",2018-05-31,0000815094,1981
5,Accenture plc,ACN,reports,Information Technology,IT Consulting & Other Services,"Dublin, Ireland",2011-07-06,0001467373,1989
6,Activision Blizzard,ATVI,reports,Communication Services,Interactive Home Entertainment,"Santa Monica, California",2015-08-31,0000718877,2008
7,Adobe Systems Inc,ADBE,reports,Information Technology,Application Software,"San Jose, California",1997-05-05,0000796343,1982
8,Advanced Micro Devices Inc,AMD,reports,Information Technology,Semiconductors,"Sunnyvale, California",2017-03-20,0000002488,1969
9,Advance Auto Parts,AAP,reports,Consumer Discretionary,Automotive Retail,"Roanoke, Virginia",2015-07-09,0001158449,1932
10,AES Corp,AES,reports,Utilities,Independent Power Producers & Energy Traders,"Arlington, Virginia",1998-10-02,0000874761,1981
11,Affiliated Managers Group Inc,AMG,reports,Financials,Asset Management & Custody Banks,"Beverly, Massachusetts",2014-07-01,0001004434,1993
12,AFLAC Inc,AFL,reports,Financials,Life & Health Insurance,"Columbus, Georgia",1999-05-28,0000004977,1955
13,Agilent Technologies Inc,A,reports,Health Care,Health Care Equipment,"Santa Clara, California",2000-06-05,0001090872,1999
14,Air Products & Chemicals Inc,APD,reports,Materials,Industrial Gases,"Allentown, Pennsylvania",1985-04-30,0000002969,1940
15,Akamai Technologies Inc,AKAM,reports,Information Technology,Internet Services & Infrastructure,"Cambridge, Massachusetts",2007-07-12,0001086222,1998
16,Alaska Air Group Inc,ALK,reports,Industrials,Airlines,"Seattle, Washington",2016-05-13,0000766421,1985
17,Albemarle Corp,ALB,reports,Materials,Specialty Chemicals,"Baton Rouge, Louisiana",2016-07-01,0000915913,1994
18,Alexandria Real Estate Equities Inc,ARE,reports,Real Estate,Office REITs,"Pasadena, California",2017-03-20,0001035443,1994
19,Alexion Pharmaceuticals,ALXN,reports,Health Care,Biotechnology,"Cheshire, Connecticut",2012-05-25,0000899866,1992
20,Align Technology,ALGN,reports,Health Care,Health Care Supplies,"San Jose, California",2017-06-19,0001097149,1997
21,Allegion,ALLE,reports,Industrials,Building Products,"Dublin, Ireland",2013-12-02,0001579241,1908
22,"Allergan, Plc",AGN,reports,Health Care,Pharmaceuticals,"Dublin, Ireland",1999-04-12,0001578845,1983
23,Alliance Data Systems,ADS,reports,Information Technology,Data Processing & Outsourced Services,"Plano, Texas",2013-12-23,0001101215,1996
24,Alliant Energy Corp,LNT,reports,Utilities,Electric Utilities,"Madison, Wisconsin",2016-07-01,0000352541,1917
25,Allstate Corp,ALL,reports,Financials,Property & Casualty Insurance,"Northfield Township, Illinois",1995-07-13,0000899051,1931
26,Alphabet Inc Class A,GOOGL,reports,Communication Services,Interactive Media & Services,"Mountain View, California",2014-04-03,0001652044,1998
27,Alphabet Inc Class C,GOOG,reports,Communication Services,Interactive Media & Services,"Mountain View, California",2006-04-03,0001652044,1998
28,Altria Group Inc,MO,reports,Consumer Staples,Tobacco,"Richmond, Virginia",,0000764180,1985
29,Amazon.com Inc.,AMZN,reports,Consumer Discretionary,Internet & Direct Marketing Retail,"Seattle, Washington",2005-11-18,0001018724,1994
30,Ameren Corp,AEE,reports,Utilities,Multi-Utilities,"St. Louis, Missouri",1991-09-19,0001002910,1902
31,American Airlines Group,AAL,reports,Industrials,Airlines,"Fort Worth, Texas",2015-03-23,0000006201,1934
32,American Electric Power,AEP,reports,Utilities,Electric Utilities,"Columbus, Ohio",,0000004904,1906
33,American Express Co,AXP,reports,Financials,Consumer Finance,"New York, New York",1976-06-30,0000004962,1850
34,American International Group,AIG,reports,Financials,Property & Casualty Insurance,"New York, New York",1980-03-31,0000005272,1919
35,American Tower Corp.,AMT,reports,Real Estate,Specialized REITs,"Boston, Massachusetts",2007-11-19,0001053507,1995
36,American Water Works Company Inc,AWK,reports,Utilities,Water Utilities,"Voorhees, New Jersey",2016-03-04,0001410636,1886
37,Ameriprise Financial,AMP,reports,Financials,Asset Management & Custody Banks,"Minneapolis, Minnesota",2005-10-03,0000820027,1894
38,AmerisourceBergen Corp,ABC,reports,Health Care,Health Care Distributors,"Chesterbrook, Pennsylvania",2001-08-30,0001140859,1985
39,AMETEK Inc.,AME,reports,Industrials,Electrical Components & Equipment,"Berwyn, Pennsylvania",2013-09-23,0001037868,1930
40,Amgen Inc.,AMGN,reports,Health Care,Biotechnology,"Thousand Oaks, California",1992-01-02,0000318154,1980
41,Amphenol Corp,APH,reports,Information Technology,Electronic Components,"Wallingford, Connecticut",2008-09-30,0000820313,1932
42,Anadarko Petroleum Corp,APC,reports,Energy,Oil & Gas Exploration & Production,"The Woodlands, Texas",1997-07-28,0000773910,1959
43,"Analog Devices, Inc.",ADI,reports,Information Technology,Semiconductors,"Norwood, Massachusetts",1999-10-12,0000006281,1965
44,ANSYS,ANSS,reports,Information Technology,Application Software,"Canonsburg, Pennsylvania",2017-06-19,0001013462,1969
45,Anthem Inc.,ANTM,reports,Health Care,Managed Health Care,"Indianapolis, Indiana",2002-07-25,0001156039,2014 (1940s)
46,Aon plc,AON,reports,Financials,Insurance Brokers,"London, United Kingdom",1996-04-23,0000315293,1982 (1919)
47,A.O. Smith Corp,AOS,reports,Industrials,Building Products,"Milwaukee, Wisconsin",2017-07-26,0000091142,1916
48,Apache Corporation,APA,reports,Energy,Oil & Gas Exploration & Production,"Houston, Texas",1997-07-28,0000006769,1954
49,Apartment Investment & Management (Aimco),AIV,reports,Real Estate,Residential REITs,"Denver, Colorado",2003-03-14,0000922864,1994 (1975)
50,Apple Inc.,AAPL,reports,Information Technology,"Technology Hardware, Storage & Peripherals","Cupertino, California",1982-11-30,0000320193,1977
51,Applied Materials Inc.,AMAT,reports,Information Technology,Semiconductor Equipment,"Santa Clara, California",1995-03-16,0000006951,1967
52,Aptiv Plc,APTV,reports,Consumer Discretionary,Auto Parts & Equipment,"Gillingham, Kent, United Kingdom",2012-12-24,0001521332,1994
53,Archer-Daniels-Midland Co,ADM,reports,Consumer Staples,Agricultural Products,"Decatur, Illinois",1981-07-29,0000007084,1902
54,Arconic Inc.,ARNC,reports,Industrials,Aerospace & Defense,"New York, New York",1964-03-31,0000004281,2016
55,Arista Networks,ANET,reports,Information Technology,Communications Equipment,"Santa Clara, California",2018-08-28,0001596532,2004
56,Arthur J. Gallagher & Co.,AJG,reports,Financials,Insurance Brokers,"Itasca, Illinois",2016-05-31,0000354190,
57,Assurant Inc.,AIZ,reports,Financials,Multi-line Insurance,"New York, New York",2007-04-10,0001267238,
58,AT&T Inc.,T,reports,Communication Services,Integrated Telecommunication Services,"Dallas, Texas",1983-11-30,0000732717,1983
59,Autodesk Inc.,ADSK,reports,Information Technology,Application Software,"San Rafael, California",1989-12-01,0000769397,
60,Automatic Data Processing,ADP,reports,Information Technology,Internet Software & Services,"Roseland, New Jersey",1981-03-31,0000008670,
61,AutoZone Inc,AZO,reports,Consumer Discretionary,Specialty Stores,"Memphis, Tennessee",1997-01-02,0000866787,
62,"AvalonBay Communities, Inc.",AVB,reports,Real Estate,Residential REITs,"Arlington, Virginia[5]",2007-01-10,0000915912,
63,Avery Dennison Corp,AVY,reports,Materials,Paper Packaging,"Glendale, California",1987-12-31,0000008818,
64,"Baker Hughes, a GE Company",BHGE,reports,Energy,Oil & Gas Equipment & Services,"Houston, Texas",,0001701605,2017
65,Ball Corp,BLL,reports,Materials,Metal & Glass Containers,"Broomfield, Colorado",1984-10-31,0000009389,
66,Bank of America Corp,BAC,reports,Financials,Diversified Banks,"Charlotte, North Carolina",1976-06-30,0000070858,
67,The Bank of New York Mellon Corp.,BK,reports,Financials,Asset Management & Custody Banks,"New York, New York",1995-03-31,0001390777,
68,Baxter International Inc.,BAX,reports,Health Care,Health Care Equipment,"Deerfield, Illinois",1972-09-30,0000010456,1931
69,BB&T Corporation,BBT,reports,Financials,Regional Banks,"Winston-Salem, North Carolina",1997-12-04,0000092230,
70,Becton Dickinson,BDX,reports,Health Care,Health Care Equipment,"Franklin Lakes, New Jersey",1972-09-30,0000010795,1897
71,Berkshire Hathaway,BRK-B,reports,Financials,Multi-Sector Holdings,"Omaha, Nebraska",2010-02-16,0001067983,
72,Best Buy Co. Inc.,BBY,reports,Consumer Discretionary,Computer & Electronics Retail,"Richfield, Minnesota",1999-06-29,0000764478,
73,Biogen Inc.,BIIB,reports,Health Care,Biotechnology,"Weston, Massachusetts",2003-11-13,0000875045,
74,BlackRock,BLK,reports,Financials,Asset Management & Custody Banks,"New York, New York",2011-04-04,0001364742,
75,Block H&R,HRB,reports,Consumer Discretionary,Specialized Consumer Services,"Kansas City, Missouri",1986-11-30,0000012659,
76,Boeing Company,BA,reports,Industrials,Aerospace & Defense,"Chicago, Illinois",,0000012927,1916
77,Booking Holdings Inc,BKNG,reports,Consumer Discretionary,Internet & Direct Marketing Retail,"Norwalk, Connecticut",2009-11-06,0001075531,
78,BorgWarner,BWA,reports,Consumer Discretionary,Auto Parts & Equipment,"Auburn Hills, Michigan",2011-12-19,0000908255,
79,Boston Properties,BXP,reports,Real Estate,Office REITs,"Boston, Massachusetts",2006-04-03,0001037540,
80,Boston Scientific,BSX,reports,Health Care,Health Care Equipment,"Marlborough, Massachusetts[6]",1995-02-24,0000885725,
81,Brighthouse Financial Inc,BHF,reports,Financials,Life & Health Insurance,"Charlotte, North Carolina",2017-08-08,0001685040,
82,Bristol-Myers Squibb,BMY,reports,Health Care,Health Care Distributors,"New York, New York",,0000014272,1989
83,Broadcom,AVGO,reports,Information Technology,Semiconductors,"San Jose, California",2014-05-08,0001441634,
84,Broadridge Financial Solutions,BR,reports,Information Technology,Data Processing & Outsourced Services,"Lake Success, New York",2018-06-18,0001383312,1962
85,Brown-Forman Corp.,BF-B,reports,Consumer Staples,Distillers & Vintners,"Louisville, Kentucky",1982-10-31,0000014693,
86,C. H. Robinson Worldwide,CHRW,reports,Industrials,Air Freight & Logistics,"Eden Prairie, Minnesota",2007-03-02,0001043277,
87,Cabot Oil & Gas,COG,reports,Energy,Oil & Gas Exploration & Production,"Houston, Texas",2008-06-23,0000858470,
88,Cadence Design Systems,CDNS,reports,Information Technology,Application Software,"San Jose, California",2017-09-18,0000813672,
89,Campbell Soup,CPB,reports,Consumer Staples,Packaged Foods & Meats,"Camden, New Jersey",,0000016732,1869
90,Capital One Financial,COF,reports,Financials,Consumer Finance,"Tysons Corner, Virginia",1998-07-01,0000927628,1935
91,Capri Holdings,CPRI,reports,Consumer Discretionary,"Apparel, Accessories & Luxury Goods","New York, New York",2013-11-13,0001530721,
92,Cardinal Health Inc.,CAH,reports,Health Care,Health Care Distributors,"Dublin, Ohio",1997-05-27,0000721371,
93,Carmax Inc,KMX,reports,Consumer Discretionary,Specialty Stores,"Richmond, Virginia",2010-06-28,0001170010,
94,Carnival Corp.,CCL,reports,Consumer Discretionary,"Hotels, Resorts & Cruise Lines","Miami, Florida",1998-12-22,0000815097,
95,Caterpillar Inc.,CAT,reports,Industrials,Construction Machinery & Heavy Trucks,"Peoria, Illinois",,0000018230,1925
96,Cboe Global Markets,CBOE,reports,Financials,Financial Exchanges & Data,"Chicago, Illinois",2017-03-01,0001374310,
97,CBRE Group,CBRE,reports,Real Estate,Real Estate Services,"Los Angeles, California",2006-11-10,0001138118,
98,CBS Corp.,CBS,reports,Communication Services,Broadcasting,"New York, New York",1994-09-01,0000813828,2006
99,Celanese Corp.,CE,reports,Materials,Specialty Chemicals,"Irving, Texas",2018-12-24,0001306830,
100,Celgene Corp.,CELG,reports,Health Care,Biotechnology,"Summit, New Jersey",2006-11-06,0000816284,
101,Centene Corporation,CNC,reports,Health Care,Managed Health Care,"St Louis, Missouri",2016-03-30,0001071739,
102,CenterPoint Energy,CNP,reports,Utilities,Multi-Utilities,"Houston, Texas",1985-07-31,0001130310,
103,CenturyLink Inc,CTL,reports,Communication Services,Integrated Telecommunication Services,"Monroe, Louisiana",1999-03-25,0000018926,
104,Cerner,CERN,reports,Health Care,Health Care Technology,"North Kansas City, Missouri",2010-04-30,0000804753,
105,CF Industries Holdings Inc,CF,reports,Materials,Fertilizers & Agricultural Chemicals,"Deerfield, Illinois",2008-08-27,0001324404,
106,Charles Schwab Corporation,SCHW,reports,Financials,Investment Banking & Brokerage,"San Francisco, California",1997-06-02,0000316709,
107,Charter Communications,CHTR,reports,Communication Services,Cable & Satellite,"Stamford, Connecticut",2016-09-08,0001091667,
108,Chevron Corp.,CVX,reports,Energy,Integrated Oil & Gas,"San Ramon, California",,0000093410,1879
109,Chipotle Mexican Grill,CMG,reports,Consumer Discretionary,Restaurants,"Denver, Colorado",2011-04-28,0001058090,
110,Chubb Limited,CB,reports,Financials,Property & Casualty Insurance,"Zurich, Switzerland",2010-07-15,0000896159,
111,Church & Dwight,CHD,reports,Consumer Staples,Household Products,"Ewing, New Jersey",2015-12-29,0000313927,
112,CIGNA Corp.,CI,reports,Health Care,Managed Health Care,"Bloomfield, Connecticut",1976-06-30,0000701221,
113,Cimarex Energy,XEC,reports,Energy,Oil & Gas Exploration & Production,"Denver, Colorado",2014-06-21,0001168054,
114,Cincinnati Financial,CINF,reports,Financials,Property & Casualty Insurance,"Fairfield, Ohio",1997-12-18,0000020286,
115,Cintas Corporation,CTAS,reports,Industrials,Diversified Support Services,"Mason, Ohio",2001-03-01,0000723254,
116,Cisco Systems,CSCO,reports,Information Technology,Communications Equipment,"San Jose, California",1993-12-01,0000858877,
117,Citigroup Inc.,C,reports,Financials,Diversified Banks,"New York, New York",1988-05-31,0000831001,
118,Citizens Financial Group,CFG,reports,Financials,Regional Banks,"Providence, Rhode Island",2016-01-29,0000759944,
119,Citrix Systems,CTXS,reports,Information Technology,Internet Software & Services,"Fort Lauderdale, Florida",1999-12-01,0000877890,
120,The Clorox Company,CLX,reports,Consumer Staples,Household Products,"Oakland, California",1969-03-31,0000021076,1913
121,CME Group Inc.,CME,reports,Financials,Financial Exchanges & Data,"Chicago, Illinois",2006-08-11,0001156375,
122,CMS Energy,CMS,reports,Utilities,Multi-Utilities,"Jackson, Michigan",1999-05-03,0000811156,
123,Coca-Cola Company (The),KO,reports,Consumer Staples,Soft Drinks,"Atlanta, Georgia",,0000021344,1886
124,Cognizant Technology Solutions,CTSH,reports,Information Technology,IT Consulting & Other Services,"Teaneck, New Jersey",2006-11-17,0001058290,
125,Colgate-Palmolive,CL,reports,Consumer Staples,Household Products,"New York, New York",,0000021665,1806
126,Comcast Corp.,CMCSA,reports,Communication Services,Cable & Satellite,"Philadelphia, Pennsylvania",2015-09-18,0001166691,
127,Comerica Inc.,CMA,reports,Financials,Diversified Banks,"Dallas, Texas",1995-12-01,0000028412,
128,Conagra Brands,CAG,reports,Consumer Staples,Packaged Foods & Meats,"Chicago, Illinois",1983-08-31,0000023217,
129,Concho Resources,CXO,reports,Energy,Oil & Gas Exploration & Production,"Midland, Texas",2016-02-22,0001358071,
130,ConocoPhillips,COP,reports,Energy,Oil & Gas Exploration & Production,"Houston, Texas",,0001163165,2002
131,Consolidated Edison,ED,reports,Utilities,Electric Utilities,"New York, New York",,0001047862,1823
132,Constellation Brands,STZ,reports,Consumer Staples,Distillers & Vintners,"Victor, New York",2005-07-05,0000016918,
133,The Cooper Companies,COO,reports,Health Care,Health Care Supplies,"Pleasanton, California",2016-09-23,0000711404,
134,Copart Inc,CPRT,reports,Industrials,Diversified Support Services,"Dallas, Texas",2018-07-02,0000900075,
135,Corning Inc.,GLW,reports,Information Technology,Electronic Components,"Corning, New York",,0000024741,1851
136,Costco Wholesale Corp.,COST,reports,Consumer Staples,Hypermarkets & Super Centers,"Issaquah, Washington",1993-10-01,0000909832,
137,"Coty, Inc",COTY,reports,Consumer Staples,Personal Products,"New York, New York",2016-10-03,0001024305,
138,Crown Castle International Corp.,CCI,reports,Real Estate,Specialized REITs,"Houston, Texas",2012-03-14,0001051470,
139,CSX Corp.,CSX,reports,Industrials,Railroads,"Jacksonville, Florida",1967-09-30,0000277948,1980
140,Cummins Inc.,CMI,reports,Industrials,Industrial Machinery,"Columbus, Indiana",1965-03-31,0000026172,1919
141,CVS Health,CVS,reports,Health Care,Health Care Services,"Woonsocket, Rhode Island",,0000064803,1996
142,D. R. Horton,DHI,reports,Consumer Discretionary,Homebuilding,"Fort Worth, Texas",,0000882184,1978
143,Danaher Corp.,DHR,reports,Health Care,Health Care Equipment,"Washington, D.C.",,0000313616,1969
144,Darden Restaurants,DRI,reports,Consumer Discretionary,Restaurants,"Orlando, Florida",,0000940944,1938
145,DaVita Inc.,DVA,reports,Health Care,Health Care Facilities,"Denver, Colorado",2008-07-31,0000927066,
146,Deere & Co.,DE,reports,Industrials,Agricultural & Farm Machinery,"Moline, Illinois",,0000315189,1837
147,Delta Air Lines Inc.,DAL,reports,Industrials,Airlines,"Atlanta, Georgia",2013-09-11,0000027904,
148,Dentsply Sirona,XRAY,reports,Health Care,Health Care Supplies,"York, Pennsylvania",2008-11-14,0000818479,
149,Devon Energy Corp.,DVN,reports,Energy,Oil & Gas Exploration & Production,"Oklahoma City, Oklahoma",2000-08-30,0001090012,
150,Diamondback Energy Inc,FANG,reports,Energy,Oil & Gas Exploration & Production,"Midland, Texas",2018-12-03,0001539838,2007
151,Digital Realty Trust Inc,DLR,reports,Real Estate,Specialized REITs,"San Francisco, California",2016-05-18,0001297996,
152,Discover Financial Services,DFS,reports,Financials,Consumer Finance,"Riverwoods, Illinois",2007-07-02,0001393612,
153,Discovery Inc. Class A,DISCA,reports,Communication Services,Broadcasting,"Silver Spring, Maryland",2010-03-01,0001437107,
154,Discovery Inc. Class C,DISCK,reports,Communication Services,Broadcasting,"Silver Spring, Maryland",2014-08-07,0001437107,
155,Dish Network,DISH,reports,Communication Services,Cable & Satellite,"Meridian, Colorado",2017-03-13,0001001082,
156,Dollar General,DG,reports,Consumer Discretionary,General Merchandise Stores,"Goodlettsville, Tennessee",2012-12-03,0000029534,
157,Dollar Tree,DLTR,reports,Consumer Discretionary,General Merchandise Stores,"Chesapeake, Virginia",2011-12-19,0000935703,
158,Dominion Energy,D,reports,Utilities,Electric Utilities,"Richmond, Virginia",,0000715957,1983
159,Dover Corp.,DOV,reports,Industrials,Industrial Machinery,"Downers Grove, Illinois",1985-10-31,0000029905,
160,DowDuPont,DWDP,reports,Materials,Diversified Chemicals,"Midland, Michigan",,0001666700,2017
161,DTE Energy Co.,DTE,reports,Utilities,Multi-Utilities,"Detroit, Michigan",,0000936340,1995
162,Duke Realty Corp,DRE,reports,Real Estate,Industrial REITs,"Indianapolis, Indiana",2017-07-26,0000783280,
163,Duke Energy,DUK,reports,Utilities,Electric Utilities,"Charlotte, North Carolina",1976-06-30,0001326160,
164,DXC Technology,DXC,reports,Information Technology,IT Consulting & Other Services,"Tysons Corner, Virginia",2017-04-04,0001688568,
165,E*Trade,ETFC,reports,Financials,Investment Banking & Brokerage,"New York, New York",2004-03-31,0001015780,
166,Eastman Chemical,EMN,reports,Materials,Diversified Chemicals,"Kingsport, Tennessee",1994-01-01,0000915389,
167,Eaton Corporation,ETN,reports,Industrials,Electrical Components & Equipment,"Dublin, Ireland",,0001551182,1911
168,eBay Inc.,EBAY,reports,Consumer Discretionary,Internet & Direct Marketing Retail,"San Jose, California",,0001065088,1995
169,Ecolab Inc.,ECL,reports,Materials,Specialty Chemicals,"St. Paul, Minnesota",1989-01-31,0000031462,
170,Edison Int'l,EIX,reports,Utilities,Electric Utilities,"Rosemead, California",,0000827052,1886
171,Edwards Lifesciences,EW,reports,Health Care,Health Care Equipment,"Irvine, California",2011-04-01,0001099800,
172,Electronic Arts,EA,reports,Communication Services,Interactive Home Entertainment,"Redwood City, California",2002-07-22,0000712515,
173,Emerson Electric Company,EMR,reports,Industrials,Electrical Components & Equipment,"Ferguson, Missouri",1965-03-31,0000032604,1890
174,Entergy Corp.,ETR,reports,Utilities,Electric Utilities,"New Orleans, Louisiana",,0000065984,1913
175,EOG Resources,EOG,reports,Energy,Oil & Gas Exploration & Production,"Houston, Texas",2000-11-02,0000821189,
176,Equifax Inc.,EFX,reports,Industrials,Research & Consulting Services,"Atlanta, Georgia",1997-06-19,0000033185,
177,Equinix,EQIX,reports,Real Estate,Specialized REITs,"Redwood City, California",2015-03-20,0001101239,
178,Equity Residential,EQR,reports,Real Estate,Residential REITs,"Chicago, Illinois",2001-12-03,0000906107,
179,"Essex Property Trust, Inc.",ESS,reports,Real Estate,Residential REITs,"Palo Alto, California",2014-04-02,0000920522,
180,Estee Lauder Cos.,EL,reports,Consumer Staples,Personal Products,"New York, New York",2006-01-05,0001001250,
181,Evergy,EVRG,reports,Utilities,Electric Utilities,"Kansas City, Missouri",2018-06-05,0001711269,1909
182,Eversource Energy,ES,reports,Utilities,Multi-Utilities,"Springfield, Massachusetts",,0000072741,1966
183,Everest Re Group Ltd.,RE,reports,Financials,Reinsurance,"Hamilton, Bermuda",2017-06-19,0001095073,
184,Exelon Corp.,EXC,reports,Utilities,Multi-Utilities,"Chicago, Illinois",,0001109357,2000
185,Expedia Group,EXPE,reports,Consumer Discretionary,Internet & Direct Marketing Retail,"Bellevue, Washington",2007-10-02,0001324424,
186,Expeditors,EXPD,reports,Industrials,Air Freight & Logistics,"Seattle, Washington",2007-10-10,0000746515,
187,Extra Space Storage,EXR,reports,Real Estate,Specialized REITs,"Salt Lake City, Utah",2016-01-19,0001289490,
188,Exxon Mobil Corp.,XOM,reports,Energy,Integrated Oil & Gas,"Irving, Texas",,0000034088,1999
189,F5 Networks,FFIV,reports,Information Technology,Communications Equipment,"Seattle, Washington",2010-12-20,0001048695,1996
190,"Facebook, Inc.",FB,reports,Communication Services,Interactive Media & Services,"Menlo Park, California",2013-12-23,0001326801,
191,Fastenal Co,FAST,reports,Industrials,Building Products,"Winona, Minnesota",2009-09-15,0000815556,
192,Federal Realty Investment Trust,FRT,reports,Real Estate,Retail REITs,"Rockville, Maryland",2016-02-01,0000034903,
193,FedEx Corporation,FDX,reports,Industrials,Air Freight & Logistics,"Memphis, Tennessee",1980-12-31,0001048911,
194,Fidelity National Information Services,FIS,reports,Information Technology,Internet Software & Services,"Jacksonville, Florida",2006-11-10,0001136893,
195,Fifth Third Bancorp,FITB,reports,Financials,Regional Banks,"Cincinnati, Ohio",,0000035527,1858
196,FirstEnergy Corp,FE,reports,Utilities,Electric Utilities,"Akron, Ohio",,0001031296,1997
197,First Republic Bank,FRC,reports,Financials,Regional Banks,"San Francisco, California",2019-01-02,0001132979,1985
198,Fiserv Inc,FISV,reports,Information Technology,Internet Software & Services,"Brookfield, Wisconsin",2001-04-02,0000798354,
199,FleetCor Technologies Inc,FLT,reports,Information Technology,Data Processing & Outsources Services,"Norcross, Georgia",2018-06-20,0001175454,2000
200,FLIR Systems,FLIR,reports,Information Technology,Electronic Equipment & Instruments,"Wilsonville, Oregon",2009-01-02,0000354908,
201,Flowserve Corporation,FLS,reports,Industrials,Industrial Machinery,"Irving, Texas",2008-10-02,0000030625,
202,Fluor Corp.,FLR,reports,Industrials,Construction & Engineering,"Irving, Texas",1980-03-31,0001124198,
203,FMC Corporation,FMC,reports,Materials,Fertilizers & Agricultural Chemicals,"Philadelphia, Pennsylvania",2009-08-19,0000037785,
204,Foot Locker Inc,FL,reports,Consumer Discretionary,Apparel Retail,"New York, New York",2016-04-04,0000850209,
205,Ford Motor,F,reports,Consumer Discretionary,Automobile Manufacturers,"Dearborn, Michigan",,0000037996,1903
206,Fortinet,FTNT,reports,Information Technology,Systems Software,"Sunnyvale, California",2018-10-11,0001262039,2000
207,Fortive Corp,FTV,reports,Industrials,Industrial Machinery,"Everett, Washington",2016-07-01,0001659166,
208,Fortune Brands Home & Security,FBHS,reports,Industrials,Building Products,"Deerfield, Illinois",2016-06-22,0001519751,
209,Franklin Resources,BEN,reports,Financials,Asset Management & Custody Banks,"San Mateo, California",,0000038777,1947
210,Freeport-McMoRan Inc.,FCX,reports,Materials,Copper,"Phoenix, Arizona",,0000831259,1912
211,Gap Inc.,GPS,reports,Consumer Discretionary,Apparel Retail,"San Francisco, California",1986-08-31,0000039911,
212,Garmin Ltd.,GRMN,reports,Consumer Discretionary,Consumer Electronics,"Schaffhausen, Switzerland",2012-12-12,0001121788,
213,Gartner Inc,IT,reports,Information Technology,IT Consulting & Other Services,"Stamford, Connecticut",2017-04-05,0000749251,
214,General Dynamics,GD,reports,Industrials,Aerospace & Defense,"Falls Church, Virginia",,0000040533,1899
215,General Electric,GE,reports,Industrials,Industrial Conglomerates,"Boston, Massachusetts",,0000040545,1892
216,General Mills,GIS,reports,Consumer Staples,Packaged Foods & Meats,"Golden Valley, Minnesota",1969-03-31,0000040704,1856
217,General Motors,GM,reports,Consumer Discretionary,Automobile Manufacturers,"Detroit, Michigan",2013-06-06,0001467858,
218,Genuine Parts,GPC,reports,Consumer Discretionary,Specialty Stores,"Atlanta, Georgia",1973-12-31,0000040987,1925
219,Gilead Sciences,GILD,reports,Health Care,Biotechnology,"Foster City, California",2004-07-01,0000882095,
220,Global Payments Inc.,GPN,reports,Information Technology,Data Processing & Outsourced Services,"Atlanta, Georgia",2016-04-25,0001123360,
221,Goldman Sachs Group,GS,reports,Financials,Investment Banking & Brokerage,"New York, New York",2002-07-22,0000886982,
222,Goodyear Tire & Rubber,GT,reports,Consumer Discretionary,Tires & Rubber,"Akron, Ohio",,0000042582,1898
223,Grainger (W.W.) Inc.,GWW,reports,Industrials,Industrial Machinery,"Lake Forest, Illinois",1981-06-30,0000277135,
224,Halliburton Co.,HAL,reports,Energy,Oil & Gas Equipment & Services,"Houston, Texas",,0000045012,1919
225,Hanesbrands Inc,HBI,reports,Consumer Discretionary,"Apparel, Accessories & Luxury Goods","Winston-Salem, North Carolina",2015-03-20,0001359841,
226,Harley-Davidson,HOG,reports,Consumer Discretionary,Motorcycle Manufacturers,"Milwaukee, Wisconsin",,0000793952,1903
227,Harris Corporation,HRS,reports,Industrials,Aerospace & Defense,"Melbourne, Florida",2008-09-22,0000202058,
228,Hartford Financial Svc.Gp.,HIG,reports,Financials,Property & Casualty Insurance,"Hartford, Connecticut",,0000874766,
229,Hasbro Inc.,HAS,reports,Consumer Discretionary,Leisure Products,"Pawtucket, Rhode Island",1984-09-30,0000046080,
230,HCA Holdings,HCA,reports,Health Care,Health Care Facilities,"Nashville, Tennessee",2015-01-27,0000860730,
231,HCP Inc.,HCP,reports,Real Estate,Health Care REITs,"Long Beach, California",2008-03-31,0000765880,
232,Helmerich & Payne,HP,reports,Energy,Oil & Gas Drilling,"Tulsa, Oklahoma[7]",2010-03-01,0000046765,
233,Henry Schein,HSIC,reports,Health Care,Health Care Distributors,"Melville, New York",2015-03-17,0001000228,
234,The Hershey Company,HSY,reports,Consumer Staples,Packaged Foods & Meats,"Hershey, Pennsylvania",,0000047111,1894
235,Hess Corporation,HES,reports,Energy,Integrated Oil & Gas,"New York, New York",1984-05-31,0000004447,
236,Hewlett Packard Enterprise,HPE,reports,Information Technology,"Technology Hardware, Storage & Peripherals","Palo Alto, California",2015-11-02,0001645590,
237,Hilton Worldwide Holdings Inc,HLT,reports,Consumer Discretionary,"Hotels, Resorts & Cruise Lines","Tysons Corner, Virginia",2017-06-19,0001585689,
238,HollyFrontier Corp,HFC,reports,Energy,Oil & Gas Refining & Marketing,"Dallas, Texas",2018-06-18,0000048039,
239,Hologic,HOLX,reports,Health Care,Health Care Equipment,"Marlborough, Massachusetts",2016-03-30,0000859737,
240,Home Depot,HD,reports,Consumer Discretionary,Home Improvement Retail,"Atlanta, Georgia",1988-03-31,0000354950,
241,Honeywell Int'l Inc.,HON,reports,Industrials,Industrial Conglomerates,"Morristown, New Jersey",1964-03-31,0000773840,1906
242,Hormel Foods Corp.,HRL,reports,Consumer Staples,Packaged Foods & Meats,"Austin, Minnesota",2009-03-04,0000048465,
243,Host Hotels & Resorts,HST,reports,Real Estate,Hotel & Resort REITs,"Bethesda, Maryland",2007-03-20,0001070750,
244,HP Inc.,HPQ,reports,Information Technology,"Technology Hardware, Storage & Peripherals","Palo Alto, California",1974-12-31,0000047217,1939 (2015)
245,Humana Inc.,HUM,reports,Health Care,Managed Health Care,"Louisville, Kentucky",,0000049071,1961
246,Huntington Bancshares,HBAN,reports,Financials,Regional Banks,"Columbus, Ohio",,0000049196,1866
247,Huntington Ingalls Industries,HII,reports,Industrials,Aerospace & Defense,"Newport News, Virginia",2018-01-03,0001501585,
248,IDEXX Laboratories,IDXX,reports,Health Care,Health Care Equipment,"Westbrook, Maine",2017-01-05,0000874716,
249,IHS Markit Ltd.,INFO,reports,Industrials,Research & Consulting Services,"London, United Kingdom",2017-06-02,0001598014,
250,Illinois Tool Works,ITW,reports,Industrials,Industrial Machinery,"Glenview, Illinois",1986-02-28,0000049826,
251,Illumina Inc,ILMN,reports,Health Care,Life Sciences Tools & Services,"San Diego, California",2015-11-19,0001110803,
252,Ingersoll-Rand PLC,IR,reports,Industrials,Industrial Machinery,"Dublin, Ireland",2010-11-17,0001466258,
253,Intel Corp.,INTC,reports,Information Technology,Semiconductors,"Santa Clara, California",1976-12-31,0000050863,
254,Intercontinental Exchange,ICE,reports,Financials,Financial Exchanges & Data,"Atlanta, Georgia",2007-09-26,0001571949,
255,International Business Machines,IBM,reports,Information Technology,IT Consulting & Other Services,"Armonk, New York",,0000051143,1911
256,Incyte,INCY,reports,Health Care,Biotechnology,"Wilmington, Delaware",2017-02-28,0000879169,
257,International Paper,IP,reports,Materials,Paper Packaging,"Memphis, Tennessee",,0000051434,1898
258,Interpublic Group,IPG,reports,Communication Services,Advertising,"New York, New York",1992-10-01,0000051644,
259,Intl Flavors & Fragrances,IFF,reports,Materials,Specialty Chemicals,"New York, New York",1976-03-31,0000051253,
260,Intuit Inc.,INTU,reports,Information Technology,Internet Software & Services,"Mountain View, California",2000-12-05,0000896878,
261,Intuitive Surgical Inc.,ISRG,reports,Health Care,Health Care Equipment,"Sunnyvale, California",2008-06-02,0001035267,
262,Invesco Ltd.,IVZ,reports,Financials,Asset Management & Custody Banks,"Atlanta, Georgia",2008-08-21,0000914208,
263,IPG Photonics Corp.,IPGP,reports,Information Technology,Electronic Manufacturing Services,"Oxford, Massachusetts",2018-03-07,0001111928,
264,IQVIA Holdings Inc.,IQV,reports,Health Care,Life Sciences Tools & Service,"Durham, North Carolina",2017-08-29,0001478242,
265,Iron Mountain Incorporated,IRM,reports,Real Estate,Specialized REITs,"Boston, Massachusetts",2009-01-06,0001020569,
266,Jack Henry & Associates Inc,JKHY,reports,Information Technology,Data Processing & Outsourced Services,"Monett, Missouri",2018-11-13,0001262439,
267,Jacobs Engineering Group,JEC,reports,Industrials,Construction & Engineering,"Pasadena, California",2007-10-26,0000052988,
268,J. B. Hunt Transport Services,JBHT,reports,Industrials,Trucking,"Lowell, Arkansas",2015-07-01,0000728535,
269,Jefferies Financial Group,JEF,reports,Financials,Multi-Sector Holdings,"New York, New York",2007-08-27,0000096223,
270,JM Smucker,SJM,reports,Consumer Staples,Packaged Foods & Meats,"Orrville, Ohio",2008-11-06,0000091419,
271,Johnson & Johnson,JNJ,reports,Health Care,Health Care Equipment,"New Brunswick, New Jersey",1973-06-30,0000200406,1886
272,Johnson Controls International,JCI,reports,Industrials,Building Products,"Cork, Ireland",2010-08-27,0000833444,
273,JPMorgan Chase & Co.,JPM,reports,Financials,Diversified Banks,"New York, New York",1975-06-30,0000019617,
274,Juniper Networks,JNPR,reports,Information Technology,Communications Equipment,"Sunnyvale, California",,0001043604,1996
275,Kansas City Southern,KSU,reports,Industrials,Railroads,"Kansas City, Missouri",2013-05-24,0000054480,
276,Kellogg Co.,K,reports,Consumer Staples,Packaged Foods & Meats,"Battle Creek, Michigan",,0000055067,1906
277,KeyCorp,KEY,reports,Financials,Regional Banks,"Cleveland, Ohio",1994-03-01,0000091576,
278,Keysight Technologies,KEYS,reports,Information Technology,Electronic Equipment & Instruments,"Santa Rosa, California",2018-11-06,0001601046,2014
279,Kimberly-Clark,KMB,reports,Consumer Staples,Household Products,"Irving, Texas",,0000055785,1872
280,Kimco Realty,KIM,reports,Real Estate,Retail REITs,"New Hyde Park, New York",2006-04-04,0000879101,
281,Kinder Morgan,KMI,reports,Energy,Oil & Gas Storage & Transportation,"Houston, Texas",2012-05-25,0001506307,
282,KLA-Tencor Corp.,KLAC,reports,Information Technology,Semiconductor Equipment,"Milpitas, California",,0000319201,1975/1977 (1997)
283,Kohl's Corp.,KSS,reports,Consumer Discretionary,General Merchandise Stores,"Menomonee Falls, Wisconsin",,0000885639,1962
284,Kraft Heinz Co,KHC,reports,Consumer Staples,Packaged Foods & Meats,"Pittsburgh, Pennsylvania",2015-07-06,0001637459,
285,Kroger Co.,KR,reports,Consumer Staples,Food Retail,"Cincinnati, Ohio",,0000056873,1883
286,L Brands Inc.,LB,reports,Consumer Discretionary,Apparel Retail,"Columbus, Ohio",1983-09-30,0000701985,
287,L-3 Communications Holdings,LLL,reports,Industrials,Aerospace & Defense,"New York, New York",,0001056239,1997
288,Laboratory Corp. of America Holding,LH,reports,Health Care,Health Care Services,"Burlington, North Carolina",2004-11-01,0000920148,
289,Lam Research,LRCX,reports,Information Technology,Semiconductor Equipment,"Fremont, California",2012-06-29,0000707549,
290,Lamb Weston Holdings Inc,LW,reports,Consumer Staples,Packaged Foods & Meats,"Eagle, Idaho",2018-12-03,0001679273,
291,Leggett & Platt,LEG,reports,Consumer Discretionary,Home Furnishings,"Carthage, Missouri",,0000058492,1883
292,Lennar Corp.,LEN,reports,Consumer Discretionary,Homebuilding,"Miami, Florida",2005-10-04,0000920760,
293,Lilly (Eli) & Co.,LLY,reports,Health Care,Pharmaceuticals,"Indianapolis, Indiana",1970-12-31,0000059478,1876
294,Lincoln National,LNC,reports,Financials,Multi-line Insurance,"Radnor, Pennsylvania",1976-06-30,0000059558,
295,Linde plc,LIN,reports,Materials,Industrial Gases,"Guildford, Surrey, United Kingdom",1992-07-01,0001707925,
296,LKQ Corporation,LKQ,reports,Consumer Discretionary,Distributors,"Chicago, Illinois",2016-05-23,0001065696,
297,Lockheed Martin Corp.,LMT,reports,Industrials,Aerospace & Defense,"Bethesda, Maryland",1984-07-31,0000936468,
298,Loews Corp.,L,reports,Financials,Multi-line Insurance,"New York, New York",,0000060086,
299,Lowe's Cos.,LOW,reports,Consumer Discretionary,Home Improvement Retail,"Mooresville, North Carolina",1984-02-29,0000060667,1904/1946/1959
300,LyondellBasell,LYB,reports,Materials,Specialty Chemicals,"Rotterdam, Netherlands",2012-09-05,0001489393,
301,M&T Bank Corp.,MTB,reports,Financials,Regional Banks,"Buffalo, New York",,0000036270,1856
302,Macerich,MAC,reports,Real Estate,Retail REITs,"Santa Monica, California",2013-05-09,0000912242,
303,Macy's Inc.,M,reports,Consumer Discretionary,Department Stores,"Cincinnati, Ohio",,0000794367,1929
304,Marathon Oil Corp.,MRO,reports,Energy,Oil & Gas Exploration & Production,"Houston, Texas",1991-05-01,0000101778,
305,Marathon Petroleum,MPC,reports,Energy,Oil & Gas Refining & Marketing,"Findlay, Ohio",2011-07-01,0001510295,
306,Marriott Int'l.,MAR,reports,Consumer Discretionary,"Hotels, Resorts & Cruise Lines","Bethesda, Maryland",,0001048286,1927
307,Marsh & McLennan,MMC,reports,Financials,Insurance Brokers,"New York, New York",1987-08-31,0000062709,
308,Martin Marietta Materials,MLM,reports,Materials,Construction Materials,"Raleigh, North Carolina",2014-07-02,0000916076,
309,Masco Corp.,MAS,reports,Industrials,Building Products,"Taylor, Michigan",1981-06-30,0000062996,
310,Mastercard Inc.,MA,reports,Information Technology,Internet Software & Services,"Harrison, New York",2008-07-18,0001141391,
311,Mattel Inc.,MAT,reports,Consumer Discretionary,Leisure Products,"El Segundo, California",1982-03-31,0000063276,
312,McCormick & Co.,MKC,reports,Consumer Staples,Packaged Foods & Meats,"Sparks, Maryland",,0000063754,1889
313,Maxim Integrated Products Inc,MXIM,reports,Information Technology,Semiconductors,"San Jose, California",2018-12-03,0000743316,1983
314,McDonald's Corp.,MCD,reports,Consumer Discretionary,Restaurants,"Chicago, Illinois",1970-06-30,0000063908,1940
315,McKesson Corp.,MCK,reports,Health Care,Health Care Distributors,"San Francisco, California",,0000927653,1833
316,Medtronic plc,MDT,reports,Health Care,Health Care Equipment,"Dublin, Ireland",1986-10-31,0000064670,
317,Merck & Co.,MRK,reports,Health Care,Pharmaceuticals,"Whitehouse Station, New Jersey",,0000310158,1891
318,MetLife Inc.,MET,reports,Financials,Life & Health Insurance,"New York, New York",,0001099219,1868
319,Mettler Toledo,MTD,reports,Health Care,Life Sciences Tools & Services,"Columbus, Ohio",2016-09-06,0001037646,
320,MGM Resorts International,MGM,reports,Consumer Discretionary,Casinos & Gaming,"Paradise, Nevada",2017-07-26,0000789570,
321,Microchip Technology,MCHP,reports,Information Technology,Semiconductors,"Chandler, Arizona",2007-09-07,0000827054,
322,Micron Technology,MU,reports,Information Technology,Semiconductors,"Boise, Idaho",1994-09-27,0000723125,
323,Microsoft Corp.,MSFT,reports,Information Technology,Systems Software,"Redmond, Washington",1994-06-01,0000789019,1975
324,Mid-America Apartments,MAA,reports,Real Estate,Residential REITs,"Memphis, Tennessee",2016-12-02,0000912595,
325,Mohawk Industries,MHK,reports,Consumer Discretionary,Home Furnishings,"Amsterdam, New York",2013-12-23,0000851968,
326,Molson Coors Brewing Company,TAP,reports,Consumer Staples,Brewers,"Denver, Colorado",1976-06-30,0000024545,
327,Mondelez International,MDLZ,reports,Consumer Staples,Packaged Foods & Meats,"Northfield, Illinois",2012-10-02,0001103982,
328,Monster Beverage,MNST,reports,Consumer Staples,Soft Drinks,"Corona, California",2012-06-28,0000865752,
329,Moody's Corp,MCO,reports,Financials,Financial Exchanges & Data,"New York, New York",,0001059556,1909
330,Morgan Stanley,MS,reports,Financials,Investment Banking & Brokerage,"New York, New York",,0000895421,1935
331,The Mosaic Company,MOS,reports,Materials,Fertilizers & Agricultural Chemicals,"Plymouth, Minnesota",2011-09-26,0001285785,
332,Motorola Solutions Inc.,MSI,reports,Information Technology,Communications Equipment,"Schaumburg, Illinois",,0000068505,1928 (2011)
333,MSCI Inc,MSCI,reports,Financials,Financial Exchanges & Data,"New York, New York",2018-04-04,0001408198,
334,Mylan N.V.,MYL,reports,Health Care,Pharmaceuticals,"Amsterdam, Netherlands",2004-04-23,0000069499,
335,"Nasdaq, Inc.",NDAQ,reports,Financials,Financial Exchanges & Data,"New York, New York",2008-10-22,0001120193,
336,National Oilwell Varco Inc.,NOV,reports,Energy,Oil & Gas Equipment & Services,"Houston, Texas",2005-03-14,0001021860,
337,Nektar Therapeutics,NKTR,reports,Health Care,Pharmaceuticals,"San Francisco, California",2018-03-19,0000906709,
338,NetApp,NTAP,reports,Information Technology,Internet Software & Services,"Sunnyvale, California",1999-06-25,0001002047,
339,Netflix Inc.,NFLX,reports,Communication Services,Movies & Entertainment,"Los Gatos, California",2010-12-20,0001065280,1997
340,Newell Brands,NWL,reports,Consumer Discretionary,Housewares & Specialties,"Sandy Springs, Georgia",1989-04-30,0000814453,
341,Newfield Exploration Co,NFX,reports,Energy,Oil & Gas Exploration & Production,"Houston, Texas",2010-12-20,0000912750,
342,Newmont Mining Corporation,NEM,reports,Materials,Gold,"Denver, Colorado",1969-06-30,0001164727,1921
343,News Corp. Class A,NWSA,reports,Communication Services,Publishing,"New York, New York",2013-08-01,0001564708,
344,News Corp. Class B,NWS,reports,Communication Services,Publishing,"New York, New York",2015-09-18,0001564708,
345,NextEra Energy,NEE,reports,Utilities,Multi-Utilities,"Juno Beach, Florida",1976-06-30,0000753308,
346,Nielsen Holdings,NLSN,reports,Industrials,Research & Consulting Services,"New York, New York",2013-07-09,0001492633,
347,Nike,NKE,reports,Consumer Discretionary,"Apparel, Accessories & Luxury Goods","Washington County, Oregon",1988-11-30,0000320187,
348,NiSource Inc.,NI,reports,Utilities,Multi-Utilities,"Merrillville, Indiana",,0001111711,1912
349,Noble Energy Inc,NBL,reports,Energy,Oil & Gas Exploration & Production,"Houston, Texas",2007-10-08,0000072207,
350,Nordstrom,JWN,reports,Consumer Discretionary,Department Stores,"Seattle, Washington",1986-08-31,0000072333,
351,Norfolk Southern Corp.,NSC,reports,Industrials,Railroads,"Norfolk, Virginia",,0000702165,1881/1894 (1980)
352,Northern Trust Corp.,NTRS,reports,Financials,Asset Management & Custody Banks,"Chicago, Illinois",,0000073124,1889
353,Northrop Grumman Corp.,NOC,reports,Industrials,Aerospace & Defense,"West Falls Church, Virginia",1985-06-30,0001133421,
354,Norwegian Cruise Line,NCLH,reports,Consumer Discretionary,"Hotels, Resorts & Cruise Lines","Miami, Florida",2017-10-13,0001513761,
355,NRG Energy,NRG,reports,Utilities,Independent Power Producers & Energy Traders,"Princeton, New Jersey",2010-01-29,0001013871,
356,Nucor Corp.,NUE,reports,Materials,Steel,"Charlotte, North Carolina",1985-04-30,0000073309,
357,Nvidia Corporation,NVDA,reports,Information Technology,Semiconductors,"Santa Clara, California",2001-11-30,0001045810,
358,O'Reilly Automotive,ORLY,reports,Consumer Discretionary,Specialty Stores,"Springfield, Missouri",2009-03-27,0000898173,
359,Occidental Petroleum,OXY,reports,Energy,Oil & Gas Exploration & Production,"Los Angeles, California",1982-12-31,0000797468,
360,Omnicom Group,OMC,reports,Communication Services,Advertising,"New York, New York",,0000029989,1986
361,ONEOK,OKE,reports,Energy,Oil & Gas Storage & Transportation,"Tulsa, Oklahoma",2010-03-15,0001039684,
362,Oracle Corp.,ORCL,reports,Information Technology,Application Software,"Redwood Shores, California",1989-08-31,0001341439,
363,PACCAR Inc.,PCAR,reports,Industrials,Construction Machinery & Heavy Trucks,"Bellevue, Washington",1980-12-31,0000075362,
364,Packaging Corporation of America,PKG,reports,Materials,Paper Packaging,"Lake Forest, Illinois",2017-07-26,0000075677,
365,Parker-Hannifin,PH,reports,Industrials,Industrial Machinery,"Cleveland, Ohio",1985-11-30,0000076334,
366,Paychex Inc.,PAYX,reports,Information Technology,Internet Software & Services,"Penfield, New York",,0000723531,1971
367,PayPal,PYPL,reports,Information Technology,Data Processing & Outsourced Services,"San Jose, California",2015-07-20,0001633917,
368,Pentair plc,PNR,reports,Industrials,Industrial Machinery,"Worsley, UK",2012-10-01,0000077360,
369,People's United Financial,PBCT,reports,Financials,Thrifts & Mortgage Finance,"Bridgeport, Connecticut",2008-11-13,0001378946,
370,PepsiCo Inc.,PEP,reports,Consumer Staples,Soft Drinks,"Purchase, New York",,0000077476,1898
371,PerkinElmer,PKI,reports,Health Care,Health Care Equipment,"Waltham, Massachusetts",1985-05-31,0000031791,
372,Perrigo,PRGO,reports,Health Care,Pharmaceuticals,"Dublin, Ireland",2011-12-19,0001585364,
373,Pfizer Inc.,PFE,reports,Health Care,Pharmaceuticals,"New York, New York",,0000078003,1849
374,Philip Morris International,PM,reports,Consumer Staples,Tobacco,"New York, New York",2008-03-31,0001413329,
375,Phillips 66,PSX,reports,Energy,Oil & Gas Refining & Marketing,"Houston, Texas",2012-05-01,0001534701,
376,Pinnacle West Capital,PNW,reports,Utilities,Multi-Utilities,"Phoenix, Arizona",,0000764622,1985
377,Pioneer Natural Resources,PXD,reports,Energy,Oil & Gas Exploration & Production,"Irving, Texas",2008-09-24,0001038357,
378,PNC Financial Services,PNC,reports,Financials,Regional Banks,"Pittsburgh, Pennsylvania",1988-04-30,0000713676,
379,Polo Ralph Lauren Corp.,RL,reports,Consumer Discretionary,"Apparel, Accessories & Luxury Goods","New York, New York",2007-02-02,0001037038,
380,PPG Industries,PPG,reports,Materials,Specialty Chemicals,"Pittsburgh, Pennsylvania",,0000079879,1883
381,PPL Corp.,PPL,reports,Utilities,Electric Utilities,"Allentown, Pennsylvania",,0000922224,
382,Principal Financial Group,PFG,reports,Financials,Life & Health Insurance,"Des Moines, Iowa",2002-07-22,0001126328,
383,Procter & Gamble,PG,reports,Consumer Staples,Personal Products,"Cincinnati, Ohio",,0000080424,1837
384,Progressive Corp.,PGR,reports,Financials,Property & Casualty Insurance,"Mayfield Village, Ohio",1997-08-04,0000080661,
385,Prologis,PLD,reports,Real Estate,Industrial REITs,"San Francisco, California",2003-07-17,0001045609,
386,Prudential Financial,PRU,reports,Financials,Life & Health Insurance,"Newark, New Jersey",2002-07-22,0001137774,
387,Public Serv. Enterprise Inc.,PEG,reports,Utilities,Electric Utilities,"Newark, New Jersey",,0000788784,
388,Public Storage,PSA,reports,Real Estate,Specialized REITs,"Glendale, California",2005-08-19,0001393311,
389,Pulte Homes Inc.,PHM,reports,Consumer Discretionary,Homebuilding,"Atlanta, Georgia",1984-04-30,0000822416,
390,PVH Corp.,PVH,reports,Consumer Discretionary,"Apparel, Accessories & Luxury Goods","New York, New York",2013-02-15,0000078239,
391,Qorvo,QRVO,reports,Information Technology,Semiconductors,"Greensboro, North Carolina",2015-06-11,0001604778,
392,Quanta Services Inc.,PWR,reports,Industrials,Construction & Engineering,"Houston, Texas",2009-07-01,0001050915,
393,QUALCOMM Inc.,QCOM,reports,Information Technology,Semiconductors,"San Diego, California",,0000804328,1985
394,Quest Diagnostics,DGX,reports,Health Care,Health Care Services,"Madison, New Jersey",2002-12-12,0001022079,
395,Raymond James Financial Inc.,RJF,reports,Financials,Investment Banking & Brokerage,"St. Petersburg, Florida",2017-03-20,0000720005,
396,Raytheon Co.,RTN,reports,Industrials,Aerospace & Defense,"Waltham, Massachusetts",,0001047122,1922
397,Realty Income Corporation,O,reports,Real Estate,Retail REITs,"San Diego, California",2015-04-07,0000726728,
398,Red Hat Inc.,RHT,reports,Information Technology,Systems Software,"Raleigh, North Carolina",2009-07-27,0001087423,
399,Regency Centers Corporation,REG,reports,Real Estate,Retail REITs,"Jacksonville, Florida",2017-03-02,0000910606,
400,Regeneron,REGN,reports,Health Care,Biotechnology,"Tarrytown, New York",2013-05-01,0000872589,
401,Regions Financial Corp.,RF,reports,Financials,Regional Banks,"Birmingham, Alabama",1998-08-28,0001281761,
402,Republic Services Inc,RSG,reports,Industrials,Environmental & Facilities Services,"Phoenix, Arizona",2008-12-05,0001060391,
403,ResMed,RMD,reports,Health Care,Health Care Equipment,"San Diego, California",2017-07-26,0000943819,
404,Robert Half International,RHI,reports,Industrials,Human Resource & Employment Services,"Menlo Park, California",2000-12-05,0000315213,
405,Rockwell Automation Inc.,ROK,reports,Industrials,Electrical Components & Equipment,"Milwaukee, Wisconsin",,0001024478,
406,Rollins Inc.,ROL,reports,Industrials,Environmental & Facilities Services,"Atlanta, Georgia",2018-10-01,0000084839,
407,Roper Technologies,ROP,reports,Industrials,Industrial Conglomerates,"Sarasota, Florida",2009-12-23,0000882835,
408,Ross Stores,ROST,reports,Consumer Discretionary,Apparel Retail,"Pleasanton, California",2009-12-21,0000745732,
409,Royal Caribbean Cruises Ltd,RCL,reports,Consumer Discretionary,"Hotels, Resorts & Cruise Lines","Miami, Florida",2014-12-05,0000884887,
410,Salesforce.com,CRM,reports,Information Technology,Internet Software & Services,"San Francisco, California",2008-09-15,0001108524,
411,SBA Communications,SBAC,reports,Real Estate,Specialized REITs,"Boca Raton, Florida",2017-09-01,0001034054,
412,Schlumberger Ltd.,SLB,reports,Energy,Oil & Gas Equipment & Services,"Curaçao, Kingdom of the Netherlands",1965-03-31,0000087347,1926
413,Seagate Technology,STX,reports,Information Technology,"Technology Hardware, Storage & Peripherals","Dublin, Ireland",2012-07-02,0001137789,
414,Sealed Air,SEE,reports,Materials,Paper Packaging,"Elmwood Park, New Jersey",,0001012100,
415,Sempra Energy,SRE,reports,Utilities,Multi-Utilities,"San Diego, California",,0001032208,
416,Sherwin-Williams,SHW,reports,Materials,Specialty Chemicals,"Cleveland, Ohio",1964-06-30,0000089800,1866
417,Simon Property Group Inc,SPG,reports,Real Estate,Retail REITs,"Indianapolis, Indiana",2002-06-26,0001063761,
418,Skyworks Solutions,SWKS,reports,Information Technology,Semiconductors,"Woburn, Massachusetts",2015-03-12,0000004127,
419,SL Green Realty,SLG,reports,Real Estate,Office REITs,"New York, New York",2015-03-20,0001040971,
420,Snap-on,SNA,reports,Industrials,Industrial Machinery,"Kenosha, Wisconsin",1982-09-30,0000091440,
421,Southern Co.,SO,reports,Utilities,Electric Utilities,"Atlanta, Georgia",,0000092122,
422,Southwest Airlines,LUV,reports,Industrials,Airlines,"Dallas, Texas",1994-07-01,0000092380,
423,"S&P Global, Inc.",SPGI,reports,Financials,Financial Exchanges & Data,"New York, New York",,0000064040,
424,Stanley Black & Decker,SWK,reports,Industrials,Industrial Machinery,"New Britain, Connecticut",1982-09-30,0000093556,
425,Starbucks Corp.,SBUX,reports,Consumer Discretionary,Restaurants,"Seattle, Washington",,0000829224,1971
426,State Street Corp.,STT,reports,Financials,Asset Management & Custody Banks,"Boston, Massachusetts",,0000093751,
427,Stryker Corp.,SYK,reports,Health Care,Health Care Equipment,"Kalamazoo, Michigan",2000-12-12,0000310764,
428,SunTrust Banks,STI,reports,Financials,Regional Banks,"Atlanta, Georgia",1988-05-31,0000750556,
429,SVB Financial,SIVB,reports,Financials,Regional Banks,"Santa Clara, California",2018-03-19,0000719739,
430,Symantec Corp.,SYMC,reports,Information Technology,Application Software,"Mountain View, California",2003-03-25,0000849399,
431,Synchrony Financial,SYF,reports,Financials,Consumer Finance,"Stamford, Connecticut",2015-11-18,0001601712,
432,Synopsys Inc.,SNPS,reports,Information Technology,Application Software,"Mountain View, California",2017-03-16,0000883241,
433,Sysco Corp.,SYY,reports,Consumer Staples,Food Distributors,"Houston, Texas",1986-12-31,0000096021,
434,T. Rowe Price Group,TROW,reports,Financials,Asset Management & Custody Banks,"Baltimore, Maryland",,0001113169,1937
435,Take-Two Interactive,TTWO,reports,Communication Services,Interactive Home Entertainment,"New York, New York",2018-03-19,0000946581,
436,"Tapestry, Inc.",TPR,reports,Consumer Discretionary,"Apparel, Accessories & Luxury Goods","New York, New York",,0001116132,2017
437,Target Corp.,TGT,reports,Consumer Discretionary,General Merchandise Stores,"Minneapolis, Minnesota",1976-12-31,0000027419,
438,TE Connectivity Ltd.,TEL,reports,Information Technology,Electronic Manufacturing Services,"Schaffhausen, Switzerland",2011-10-17,0001385157,
439,TechnipFMC,FTI,reports,Energy,Oil & Gas Equipment & Services,"London, United Kingdom",2009-06-05,0001681459,
440,Teleflex Inc,TFX,reports,Health Care,Health Care Equipment,"Wayne, Pennsylvania",2019-01-18,0000096943,1943
441,Texas Instruments,TXN,reports,Information Technology,Semiconductors,"Dallas, Texas",,0000097476,1930
442,Textron Inc.,TXT,reports,Industrials,Aerospace & Defense,"Providence, Rhode Island",1978-12-31,0000217346,
443,Thermo Fisher Scientific,TMO,reports,Health Care,Health Care Equipment,"Waltham, Massachusetts",,0000097745,2006
444,Tiffany & Co.,TIF,reports,Consumer Discretionary,"Apparel, Accessories & Luxury Goods","New York, New York",2000-06-21,0000098246,
445,"Twitter, Inc.",TWTR,reports,Communication Services,Interactive Media & Services,"San Francisco, California",2018-06-07,0001418091,
446,TJX Companies Inc.,TJX,reports,Consumer Discretionary,Apparel Retail,"Framingham, Massachusetts",1985-09-30,0000109198,
447,Torchmark Corp.,TMK,reports,Financials,Life & Health Insurance,"McKinney, Texas",1989-04-30,0000320335,
448,Total System Services,TSS,reports,Information Technology,Internet Software & Services,"Columbus, Georgia",2008-01-02,0000721683,
449,Tractor Supply Company,TSCO,reports,Consumer Discretionary,Specialty Stores,"Brentwood, Tennessee",2014-01-24,0000916365,
450,TransDigm Group,TDG,reports,Industrials,Aerospace & Defense,"Cleveland, Ohio",2016-06-03,0001260221,
451,The Travelers Companies Inc.,TRV,reports,Financials,Property & Casualty Insurance,"New York, New York",2002-08-21,0000086312,
452,TripAdvisor,TRIP,reports,Communication Services,Interactive Media & Services,"Newton, Massachusetts",2011-12-21,0001526520,
453,Twenty-First Century Fox Class A,FOXA,reports,Communication Services,Movies & Entertainment,"New York, New York",2013-07-01,0001308161,
454,Twenty-First Century Fox Class B,FOX,reports,Communication Services,Movies & Entertainment,"New York, New York",2015-09-18,0001308161,
455,Tyson Foods,TSN,reports,Consumer Staples,Packaged Foods & Meats,"Springdale, Arkansas",,0000100493,
456,UDR Inc,UDR,reports,Real Estate,Residential REITs,"Highlands Ranch, Colorado",2016-03-07,0000074208,
457,Ulta Beauty,ULTA,reports,Consumer Discretionary,Specialty Stores,"Bolingbrook, Illinois",2016-04-18,0001403568,
458,U.S. Bancorp,USB,reports,Financials,Diversified Banks,"Minneapolis, Minnesota",,0000036104,1968
459,Under Armour Class A,UAA,reports,Consumer Discretionary,"Apparel, Accessories & Luxury Goods","Baltimore, Maryland",2016-03-25,0001336917,
460,Under Armour Class C,UA,reports,Consumer Discretionary,"Apparel, Accessories & Luxury Goods","Baltimore, Maryland",2014-05-01,0001336917,
461,Union Pacific,UNP,reports,Industrials,Railroads,"Omaha, Nebraska",,0000100885,
462,United Continental Holdings,UAL,reports,Industrials,Airlines,"Chicago, Illinois",2015-09-03,0000100517,
463,United Health Group Inc.,UNH,reports,Health Care,Managed Health Care,"Minnetonka, Minnesota",1994-07-01,0000731766,
464,United Parcel Service,UPS,reports,Industrials,Air Freight & Logistics,"Atlanta, Georgia",2002-07-22,0001090727,
465,"United Rentals, Inc.",URI,reports,Industrials,Trading Companies & Distributors,"Stamford, Connecticut",2014-09-20,0001067701,
466,United Technologies,UTX,reports,Industrials,Aerospace & Defense,"Hartford, Connecticut",,0000101829,
467,"Universal Health Services, Inc.",UHS,reports,Health Care,Health Care Facilities,"King of Prussia, Pennsylvania",2014-09-20,0000352915,
468,Unum Group,UNM,reports,Financials,Life & Health Insurance,"Chattanooga, Tennessee",1994-03-01,0000005513,
469,V.F. Corp.,VFC,reports,Consumer Discretionary,"Apparel, Accessories & Luxury Goods","Greensboro, North Carolina",1979-06-30,0000103379,
470,Valero Energy,VLO,reports,Energy,Oil & Gas Refining & Marketing,"San Antonio, Texas",,0001035002,1980
471,Varian Medical Systems,VAR,reports,Health Care,Health Care Equipment,"Palo Alto, California",2007-02-12,0000203527,
472,Ventas Inc,VTR,reports,Real Estate,Health Care REITs,"Chicago, Illinois",2009-03-04,0000740260,
473,Verisign Inc.,VRSN,reports,Information Technology,Internet Services & Infrastructure,"Dulles, Virginia",2006-02-01,0001014473,
474,Verisk Analytics,VRSK,reports,Industrials,Research & Consulting Services,"Jersey City, New Jersey",2015-10-08,0001442145,
475,Verizon Communications,VZ,reports,Communication Services,Integrated Telecommunication Services,"New York, New York",1983-11-30,0000732712,
476,Vertex Pharmaceuticals Inc,VRTX,reports,Health Care,Biotechnology,"Cambridge, Massachusetts",2013-09-23,0000875320,
477,Viacom Inc.,VIAB,reports,Communication Services,Movies & Entertainment,"New York, New York",,0001339947,
478,Visa Inc.,V,reports,Information Technology,Internet Software & Services,"San Francisco, California",2009-12-21,0001403161,
479,Vornado Realty Trust,VNO,reports,Real Estate,Office REITs,"New York, New York",,0000899689,
480,Vulcan Materials,VMC,reports,Materials,Construction Materials,"Birmingham, Alabama",1999-06-30,0001396009,
481,Walmart,WMT,reports,Consumer Staples,Hypermarkets & Super Centers,"Bentonville, Arkansas",1982-08-31,0000104169,
482,Walgreens Boots Alliance,WBA,reports,Consumer Staples,Drug Retail,"Deerfield, Illinois",1979-12-31,0001618921,
483,The Walt Disney Company,DIS,reports,Communication Services,Movies & Entertainment,"Burbank, California",1976-06-30,0001001039,
484,Waste Management Inc.,WM,reports,Industrials,Environmental & Facilities Services,"Houston, Texas",,0000823768,1968
485,Waters Corporation,WAT,reports,Health Care,Health Care Distributors,"Milford, Massachusetts",,0001000697,1958
486,Wec Energy Group Inc,WEC,reports,Utilities,Electric Utilities,"Milwaukee, Wisconsin",2008-10-31,0000783325,
487,WellCare,WCG,reports,Health Care,Managed Health Care,"Tampa, Florida",1985,0001279363,
488,Wells Fargo,WFC,reports,Financials,Diversified Banks,"San Francisco, California",1976-06-30,0000072971,
489,Welltower Inc.,WELL,reports,Real Estate,Health Care REITs,"Toledo, Ohio",2009-01-30,0000766704,
490,Western Digital,WDC,reports,Information Technology,"Technology Hardware, Storage & Peripherals","Irvine, California",2009-07-01,0000106040,
491,Western Union Co,WU,reports,Information Technology,Internet Software & Services,"Englewood, Colorado",,0001365135,1851
492,WestRock,WRK,reports,Materials,Paper Packaging,"Richmond, Virginia",,0001636023,
493,Weyerhaeuser,WY,reports,Materials,Lumber & Wood Production,"Seattle, Washington",,0000106535,
494,Whirlpool Corp.,WHR,reports,Consumer Discretionary,Household Appliances,"Benton Harbor, Michigan",,0000106640,1911
495,Williams Cos.,WMB,reports,Energy,Oil & Gas Storage & Transportation,"Tulsa, Oklahoma",1975-03-31,0000107263,
496,Willis Towers Watson,WLTW,reports,Financials,Insurance Brokers,"London, United Kingdom",2016-01-05,0001140536,
497,Wynn Resorts Ltd,WYNN,reports,Consumer Discretionary,Casinos & Gaming,"Paradise, Nevada",2008-11-14,0001174922,
498,Xcel Energy Inc,XEL,reports,Utilities,Multi-Utilities,"Minneapolis, Minnesota",,0000072903,1909
499,Xerox,XRX,reports,Information Technology,"Technology Hardware, Storage & Peripherals","Norwalk, Connecticut",,0000108772,1906
500,Xilinx,XLNX,reports,Information Technology,Semiconductors,"San Jose, California",1999-11-08,0000743988,
501,Xylem Inc.,XYL,reports,Industrials,Industrial Machinery,"White Plains, New York",2011-11-01,0001524472,
502,Yum! Brands Inc,YUM,reports,Consumer Discretionary,Restaurants,"Louisville, Kentucky",1997-10-06,0001041061,
503,Zimmer Biomet Holdings,ZBH,reports,Health Care,Health Care Equipment,"Warsaw, Indiana",2001-08-07,0001136869,
504,Zions Bancorp,ZION,reports,Financials,Regional Banks,"Salt Lake City, Utah",2001-06-22,0000109380,
505,Zoetis,ZTS,reports,Health Care,Pharmaceuticals,"Florham Park, New Jersey",2013-06-21,0001555280,
